matchId,date,homeTeam,awayTeam,city,country,venue,temperatureMaxC,temperatureMinC,precipitationMm,windMaxKmh,source,sourceUrl,fetchedAt
2026-WC-GS-045,2026-06-23,Portugal,Uzbekistan,Houston,United States,NRG Stadium,34.4,27,0,17.6,Open-Meteo forecast API,"https://api.open-meteo.com/v1/forecast?latitude=29.6847&longitude=-95.4107&daily=temperature_2m_max,temperature_2m_min,precipitation_sum,wind_speed_10m_max&timezone=auto&start_date=2026-06-23&end_date=2026-06-23",2026-06-23T05:25:09.721Z
2026-WC-GS-046,2026-06-23,Colombia,DR Congo,Guadalajara,Mexico,Guadalajara Stadium,25.9,15.8,0.9,15.9,Open-Meteo forecast API,"https://api.open-meteo.com/v1/forecast?latitude=20.6817&longitude=-103.4626&daily=temperature_2m_max,temperature_2m_min,precipitation_sum,wind_speed_10m_max&timezone=auto&start_date=2026-06-23&end_date=2026-06-23",2026-06-23T05:25:09.721Z
2026-WC-GS-047,2026-06-23,England,Ghana,Boston,United States,Boston Stadium,22,17.3,0.7,18.5,Open-Meteo forecast API,"https://api.open-meteo.com/v1/forecast?latitude=42.0909&longitude=-71.2643&daily=temperature_2m_max,temperature_2m_min,precipitation_sum,wind_speed_10m_max&timezone=auto&start_date=2026-06-23&end_date=2026-06-23",2026-06-23T05:25:09.721Z
2026-WC-GS-048,2026-06-23,Panama,Croatia,Toronto,Canada,BMO Field,24.1,10,0,16.6,Open-Meteo forecast API,"https://api.open-meteo.com/v1/forecast?latitude=43.6327&longitude=-79.4186&daily=temperature_2m_max,temperature_2m_min,precipitation_sum,wind_speed_10m_max&timezone=auto&start_date=2026-06-23&end_date=2026-06-23",2026-06-23T05:25:09.721Z
2026-WC-GS-049,2026-06-24,Mexico,Czech Republic,Mexico City,Mexico,Estadio Azteca,20.4,14.3,22.6,8.8,Open-Meteo forecast API,"https://api.open-meteo.com/v1/forecast?latitude=19.3029&longitude=-99.1505&daily=temperature_2m_max,temperature_2m_min,precipitation_sum,wind_speed_10m_max&timezone=auto&start_date=2026-06-24&end_date=2026-06-24",2026-06-23T05:25:09.721Z
2026-WC-GS-050,2026-06-24,South Africa,South Korea,Monterrey,Mexico,Monterrey Stadium,34.1,23.3,0,29.4,Open-Meteo forecast API,"https://api.open-meteo.com/v1/forecast?latitude=25.6681&longitude=-100.244&daily=temperature_2m_max,temperature_2m_min,precipitation_sum,wind_speed_10m_max&timezone=auto&start_date=2026-06-24&end_date=2026-06-24",2026-06-23T05:25:09.721Z
2026-WC-GS-051,2026-06-24,Canada,Switzerland,Vancouver,Canada,BC Place,26.2,16.6,0,17.2,Open-Meteo forecast API,"https://api.open-meteo.com/v1/forecast?latitude=49.2767&longitude=-123.1119&daily=temperature_2m_max,temperature_2m_min,precipitation_sum,wind_speed_10m_max&timezone=auto&start_date=2026-06-24&end_date=2026-06-24",2026-06-23T05:25:09.721Z
2026-WC-GS-052,2026-06-24,Bosnia and Herzegovina,Qatar,Seattle,United States,Lumen Field,29.2,16.7,0,11.5,Open-Meteo forecast API,"https://api.open-meteo.com/v1/forecast?latitude=47.5952&longitude=-122.3316&daily=temperature_2m_max,temperature_2m_min,precipitation_sum,wind_speed_10m_max&timezone=auto&start_date=2026-06-24&end_date=2026-06-24",2026-06-23T05:25:09.721Z
2026-WC-GS-053,2026-06-24,Scotland,Brazil,Miami,United States,Miami Stadium,32.3,25.6,1.7,15.3,Open-Meteo forecast API,"https://api.open-meteo.com/v1/forecast?latitude=25.958&longitude=-80.2389&daily=temperature_2m_max,temperature_2m_min,precipitation_sum,wind_speed_10m_max&timezone=auto&start_date=2026-06-24&end_date=2026-06-24",2026-06-23T05:25:09.721Z
2026-WC-GS-054,2026-06-24,Morocco,Haiti,Atlanta,United States,Mercedes-Benz Stadium,31.1,17.1,0,10.5,Open-Meteo forecast API,"https://api.open-meteo.com/v1/forecast?latitude=33.7554&longitude=-84.4008&daily=temperature_2m_max,temperature_2m_min,precipitation_sum,wind_speed_10m_max&timezone=auto&start_date=2026-06-24&end_date=2026-06-24",2026-06-23T05:25:09.721Z
2026-WC-GS-055,2026-06-25,United States,Turkey,Los Angeles,United States,Los Angeles Stadium,22.4,17.6,0,20.3,Open-Meteo forecast API,"https://api.open-meteo.com/v1/forecast?latitude=33.9535&longitude=-118.3392&daily=temperature_2m_max,temperature_2m_min,precipitation_sum,wind_speed_10m_max&timezone=auto&start_date=2026-06-25&end_date=2026-06-25",2026-06-23T05:25:09.721Z
2026-WC-GS-056,2026-06-25,Paraguay,Australia,San Francisco Bay Area,United States,San Francisco Bay Area Stadium,29.1,16.5,0,21.2,Open-Meteo forecast API,"https://api.open-meteo.com/v1/forecast?latitude=37.403&longitude=-121.97&daily=temperature_2m_max,temperature_2m_min,precipitation_sum,wind_speed_10m_max&timezone=auto&start_date=2026-06-25&end_date=2026-06-25",2026-06-23T05:25:09.721Z
2026-WC-GS-057,2026-06-25,Curaçao,Ivory Coast,Philadelphia,United States,Lincoln Financial Field,30,19.1,1.4,19.6,Open-Meteo forecast API,"https://api.open-meteo.com/v1/forecast?latitude=39.9008&longitude=-75.1675&daily=temperature_2m_max,temperature_2m_min,precipitation_sum,wind_speed_10m_max&timezone=auto&start_date=2026-06-25&end_date=2026-06-25",2026-06-23T05:25:09.721Z
2026-WC-GS-058,2026-06-25,Ecuador,Germany,New York New Jersey,United States,New York New Jersey Stadium,28.1,18.7,1.2,21.3,Open-Meteo forecast API,"https://api.open-meteo.com/v1/forecast?latitude=40.8135&longitude=-74.0745&daily=temperature_2m_max,temperature_2m_min,precipitation_sum,wind_speed_10m_max&timezone=auto&start_date=2026-06-25&end_date=2026-06-25",2026-06-23T05:25:09.721Z
2026-WC-GS-059,2026-06-25,Japan,Sweden,Dallas,United States,Dallas Stadium,36.2,24.7,0,30.1,Open-Meteo forecast API,"https://api.open-meteo.com/v1/forecast?latitude=32.7473&longitude=-97.0945&daily=temperature_2m_max,temperature_2m_min,precipitation_sum,wind_speed_10m_max&timezone=auto&start_date=2026-06-25&end_date=2026-06-25",2026-06-23T05:25:09.721Z
2026-WC-GS-060,2026-06-25,Tunisia,Netherlands,Kansas City,United States,Arrowhead Stadium,24.6,18.4,22.1,27.7,Open-Meteo forecast API,"https://api.open-meteo.com/v1/forecast?latitude=39.049&longitude=-94.4839&daily=temperature_2m_max,temperature_2m_min,precipitation_sum,wind_speed_10m_max&timezone=auto&start_date=2026-06-25&end_date=2026-06-25",2026-06-23T05:25:09.721Z
2026-WC-GS-061,2026-06-26,Egypt,Iran,Seattle,United States,Lumen Field,16.1,12.2,5.2,16.1,Open-Meteo forecast API,"https://api.open-meteo.com/v1/forecast?latitude=47.5952&longitude=-122.3316&daily=temperature_2m_max,temperature_2m_min,precipitation_sum,wind_speed_10m_max&timezone=auto&start_date=2026-06-26&end_date=2026-06-26",2026-06-23T05:25:09.721Z
2026-WC-GS-062,2026-06-26,New Zealand,Belgium,Vancouver,Canada,BC Place,14.2,12.6,14,15.7,Open-Meteo forecast API,"https://api.open-meteo.com/v1/forecast?latitude=49.2767&longitude=-123.1119&daily=temperature_2m_max,temperature_2m_min,precipitation_sum,wind_speed_10m_max&timezone=auto&start_date=2026-06-26&end_date=2026-06-26",2026-06-23T05:25:09.721Z
2026-WC-GS-063,2026-06-26,Cape Verde,Saudi Arabia,Houston,United States,NRG Stadium,34,25.1,0,21.3,Open-Meteo forecast API,"https://api.open-meteo.com/v1/forecast?latitude=29.6847&longitude=-95.4107&daily=temperature_2m_max,temperature_2m_min,precipitation_sum,wind_speed_10m_max&timezone=auto&start_date=2026-06-26&end_date=2026-06-26",2026-06-23T05:25:09.721Z
2026-WC-GS-064,2026-06-26,Uruguay,Spain,Guadalajara,Mexico,Guadalajara Stadium,25.3,15,5.8,9,Open-Meteo forecast API,"https://api.open-meteo.com/v1/forecast?latitude=20.6817&longitude=-103.4626&daily=temperature_2m_max,temperature_2m_min,precipitation_sum,wind_speed_10m_max&timezone=auto&start_date=2026-06-26&end_date=2026-06-26",2026-06-23T05:25:09.721Z
2026-WC-GS-065,2026-06-26,Norway,France,Boston,United States,Boston Stadium,18.9,15.2,22.2,17.3,Open-Meteo forecast API,"https://api.open-meteo.com/v1/forecast?latitude=42.0909&longitude=-71.2643&daily=temperature_2m_max,temperature_2m_min,precipitation_sum,wind_speed_10m_max&timezone=auto&start_date=2026-06-26&end_date=2026-06-26",2026-06-23T05:25:09.721Z
2026-WC-GS-066,2026-06-26,Senegal,Iraq,Toronto,Canada,BMO Field,22.2,14.8,0,12.1,Open-Meteo forecast API,"https://api.open-meteo.com/v1/forecast?latitude=43.6327&longitude=-79.4186&daily=temperature_2m_max,temperature_2m_min,precipitation_sum,wind_speed_10m_max&timezone=auto&start_date=2026-06-26&end_date=2026-06-26",2026-06-23T05:25:09.721Z
2026-WC-GS-067,2026-06-27,Algeria,Austria,Kansas City,United States,Arrowhead Stadium,30.1,20.2,0,31.7,Open-Meteo forecast API,"https://api.open-meteo.com/v1/forecast?latitude=39.049&longitude=-94.4839&daily=temperature_2m_max,temperature_2m_min,precipitation_sum,wind_speed_10m_max&timezone=auto&start_date=2026-06-27&end_date=2026-06-27",2026-06-23T05:25:09.721Z
2026-WC-GS-068,2026-06-27,Jordan,Argentina,Dallas,United States,Dallas Stadium,37.1,24.4,0,29.9,Open-Meteo forecast API,"https://api.open-meteo.com/v1/forecast?latitude=32.7473&longitude=-97.0945&daily=temperature_2m_max,temperature_2m_min,precipitation_sum,wind_speed_10m_max&timezone=auto&start_date=2026-06-27&end_date=2026-06-27",2026-06-23T05:25:09.721Z
2026-WC-GS-069,2026-06-27,Colombia,Portugal,Miami,United States,Miami Stadium,33.9,29.1,0.2,21,Open-Meteo forecast API,"https://api.open-meteo.com/v1/forecast?latitude=25.958&longitude=-80.2389&daily=temperature_2m_max,temperature_2m_min,precipitation_sum,wind_speed_10m_max&timezone=auto&start_date=2026-06-27&end_date=2026-06-27",2026-06-23T05:25:09.721Z
2026-WC-GS-070,2026-06-27,DR Congo,Uzbekistan,Atlanta,United States,Mercedes-Benz Stadium,35.7,24.1,0,14.8,Open-Meteo forecast API,"https://api.open-meteo.com/v1/forecast?latitude=33.7554&longitude=-84.4008&daily=temperature_2m_max,temperature_2m_min,precipitation_sum,wind_speed_10m_max&timezone=auto&start_date=2026-06-27&end_date=2026-06-27",2026-06-23T05:25:09.721Z
2026-WC-GS-071,2026-06-27,Panama,England,New York New Jersey,United States,New York New Jersey Stadium,29.2,18.8,0,9.4,Open-Meteo forecast API,"https://api.open-meteo.com/v1/forecast?latitude=40.8135&longitude=-74.0745&daily=temperature_2m_max,temperature_2m_min,precipitation_sum,wind_speed_10m_max&timezone=auto&start_date=2026-06-27&end_date=2026-06-27",2026-06-23T05:25:09.721Z
2026-WC-GS-072,2026-06-27,Croatia,Ghana,Philadelphia,United States,Lincoln Financial Field,30.6,19.5,0,11.3,Open-Meteo forecast API,"https://api.open-meteo.com/v1/forecast?latitude=39.9008&longitude=-75.1675&daily=temperature_2m_max,temperature_2m_min,precipitation_sum,wind_speed_10m_max&timezone=auto&start_date=2026-06-27&end_date=2026-06-27",2026-06-23T05:25:09.721Z
